frequency	multicast-pull	multicast-push
2	0.5277308300884955	0.048519082059800656
4	0.5905246019736842	0.054727084800000006
6	0.8648288161290323	0.08367461479591838
