frequency	multicast-pull	multicast-push
2	0.5277308300884955	0.048519082059800656
